,colonia_hechos,safety_degree,ranking
0,CAMPO DE TIRO LOS GAMITOS,100.0 %,1
1,SECTOR MARINA,100.0 %,2
2,SAN JUAN TEPENAHUAC,100.0 %,3
3,VILLA DE LA NORIA,100.0 %,4
4,LOMA BONITA,100.0 %,5
5,LÁZARO TATA,100.0 %,6
6,MALVINAS PRIMERO,100.0 %,7
7,MILPA LOS CERROS,100.0 %,8
8,BELEN DE LAS FLORES SECCION TURBINA,100.0 %,9
9,PARAJE DEL CABALLITO,100.0 %,10
10,BELEN DE LAS FLORES SECCION PABELLONES,100.0 %,11
11,ZONA FEDERAL,100.0 %,12
12,CABEZA DE JUAREZ II,100.0 %,13
13,RESIDENCIAL SANTIAGO,100.0 %,14
14,TEPEYECA,100.0 %,15
15,Guadalupita,100.0 %,16
16,VISTA HERMOSA I,100.0 %,17
17,QUETZALCOATL 3,100.0 %,18
18,RIO DE GUADALUPE FOVISSSTE,100.0 %,19
19,INFONAVIT,100.0 %,20
20,CAMPAMENTO LA ESMERALDA,100.0 %,21
21,EL MIRADOR DEL PUEBLO TETELPAN,100.0 %,22
22,MALVINAS SEGUNDO,100.0 %,23
23,DIF,100.0 %,24
24,EL MIRADOR (NATIVITAS),100.0 %,25
25,TEMPRANILLO,100.0 %,26
26,FOVISSSTE CUCHILLA,100.0 %,27
27,TEZONTITLA,100.0 %,28
28,GAVILAN I II III Y IV,100.0 %,29
29,AREA FEDERAL SUB ESTACION ELECTRICA,99.99 %,30
30,LOTERÍA NACIONAL,99.99 %,31
31,PERIFÉRICO,99.99 %,32
32,CAÑADA DEL OLIVAR,99.99 %,33
33,OTRA,99.99 %,34
34,LADERA,99.99 %,35
35,SAN DIEGO,99.99 %,36
36,ZONA DE RESERVA ECOLOGICA,99.99 %,37
37,POTRERO ACOXPA,99.99 %,38
38,RINCONADA COYOACAN,99.99 %,39
39,BOSQUES RESIDENCIAL CIPRES,99.99 %,40
40,RINCONADA SANTA TERESA,99.99 %,41
41,NUEVA TOTOTITLA,99.99 %,42
42,DR. PEDRO R BERNABÉ,99.99 %,43
43,PIRU XOCOMECATLA,99.99 %,44
44,JOYAS DE GUADALUPE,99.99 %,45
45,VILLA VALBADENA,99.99 %,46
46,CABEZA DE JUAREZ III,99.99 %,47
47,CERRO DEL JUDIO,99.99 %,48
48,TRONCOSO,99.99 %,49
49,UNIVERSAL,99.98 %,50
50,ESTRELLA SANTA FE,99.98 %,51
51,COPILCO,99.98 %,52
52,TENORIOS 1,99.98 %,53
53,VILLA DE SAN FRANCISCO,99.98 %,54
54,SAN AGUSTÍN DEL PUEBLO TETELPAN,99.98 %,55
55,LOCAXCO,99.98 %,56
56,RINCÓN DE GUANAJUATO,99.98 %,57
57,OCOTLA,99.98 %,58
58,PEMEX LINDAVISTA,99.98 %,59
59,COMPAÑÍA DE LUZ,99.98 %,60
60,LOMAS DEL CAPULIN,99.98 %,61
61,U.S.I.T.A.T.Y.R.,99.98 %,62
62,CEDROS SANTA LUCIA,99.98 %,63
63,TENORIOS FOVISSSTE,99.98 %,64
64,SAN MIGUEL 2 SECCION,99.98 %,65
65,PROLONGACION LOS ANGELES,99.98 %,66
66,EL HUESO INFONAVIT,99.98 %,67
67,VISTAS DEL MAUREL,99.98 %,68
68,VILLA DEL SUR,99.98 %,69
69,MORAZAN,99.97 %,70
70,COLORINES,99.97 %,71
71,ALTILLO UNIVERSIDAD,99.97 %,72
72,HUAUTLA DE LAS SALINAS,99.97 %,73
73,BOSCOSO,99.97 %,74
74,TORRES DE SAN JUAN,99.97 %,75
75,FOVISSSTE PERIFÉRICO,99.97 %,76
76,RESIDENCIAL LA CANTERA,99.97 %,77
77,LOS GAMITOS,99.97 %,78
78,DEL PARQUE,99.96 %,79
79,DIAMANTE,99.96 %,80
80,SAN PEDRO MÁRTIR FOVISSSTE,99.96 %,81
81,MARIANA,99.96 %,82
82,SIRACUSA 240,99.96 %,83
83,ESTADO DE VERACRUZ,99.96 %,84
84,PEDREGAL 2,99.95 %,85
85,MALVINAS MEXICANAS,99.95 %,86
86,EL RUEDO,99.95 %,87
87,LA JOYITA DEL PUEBLO TETELPAN,99.94 %,88
88,LOMAS DE SAN PEDRO,99.93 %,89
89,SAN SALVADOR CUAUHTENCO SECCION II,99.93 %,90
90,LOS ROBLES,99.91 %,91
91,QUIRINO MENDOZA,99.9 %,92
92,RESIDENCIAL MAR DE LA TRANQUILIDAD,99.38 %,93
93,SANTA CRUZ CHAVARRIETA,99.38 %,94
94,PIRU SANTA LUCIA,99.26 %,95
95,COLINAS DEL BOSQUE,99.21 %,96
96,LOMAS DE SANTO DOMINGO,99.18 %,97
97,FAROLES DEL PEDREGAL,99.13 %,98
98,MEMETLA,99.11 %,99
99,REAL DEL SUR,99.11 %,100
100,MILITAR 1 K LOMAS DE SOTELO,99.06 %,101
101,TLALPAN FOVISSSTE,99.01 %,102
102,UNIDAD NARVARTE IMSS,98.97 %,103
103,GOLONDRINAS 2A SECCIÓN,98.97 %,104
104,EL ARENAL,98.97 %,105
105,LAS AGUILAS SECCION HORNOS,98.96 %,106
106,LAS HUERTAS,98.88 %,107
107,PACIFICO,98.78 %,108
108,TEHUIXTITLA,98.78 %,109
109,VILLAS COPILCO,98.75 %,110
110,CENTRO URBANO PRESIDENTE MIGUEL ALEMÁN,98.74 %,111
111,COLEGIO MEXICO,98.69 %,112
112,EL ENCANTO,98.69 %,113
113,PEDREGAL DE COYOACÁN,98.64 %,114
114,P.R.I.,98.64 %,115
115,CASA DEL AGRONOMO,98.64 %,116
116,MANZANASTITLA,98.63 %,117
117,PARQUE TARANGO,98.62 %,118
118,LOMAS DE REFORMA,98.56 %,119
119,CLUB DE GOLF BOSQUES,98.51 %,120
120,DURAZNOTITLA,98.48 %,121
121,ESPACIO ECOLOGICO CUICUILCO,98.47 %,122
122,PEQUE?A TEPEXIMILPA,98.47 %,123
123,AMPLIACION DEL CARMEN,98.4 %,124
124,CUCHILLA TEPEXIMILPA,98.37 %,125
125,LI LEGISLATURA,98.37 %,126
126,Paseo de las Lomas (Alta Vista),98.37 %,127
127,RESIDENCIAL PEDREGAL PICACHO,98.37 %,128
128,ISIDRO FABELA SECCION CANTIL,98.34 %,129
129,LAS MAROMAS,98.3 %,130
130,ACUILOTLA,98.26 %,131
131,Pueblo San Antonio Tecomitl (LAS JOYAS),98.25 %,132
132,AZTLAN LOS APACHES,98.25 %,133
133,AGUA BENDITA,98.23 %,134
134,MEDIA LUNA,98.21 %,135
135,PEDREGAL DE CARRASCO,98.11 %,136
136,REAL DE LAS LOMAS,98.11 %,137
137,TENORIOS 2,98.11 %,138
138,SEARS ROEBUCK,98.11 %,139
139,MIGUEL GAONA ARMENTA,98.11 %,140
140,TIZAMPAMPANO DEL PUEBLO TETELPAN,98.06 %,141
141,PEDREGAL DEL SUR,98.05 %,142
142,JOSÉ MARIA MORELOS Y PAVÓN 2,98.03 %,143
143,PEDREGAL DE AMINCO,98.03 %,144
144,VISTAS DEL PEDREGAL,98.01 %,145
145,RINCONADA LAS HADAS,97.98 %,146
146,CUMBRES DE TEPETONGO,97.97 %,147
147,RESIDENCIAL MIRAMONTES,97.91 %,148
148,RINCONADA DEL SUR,97.83 %,149
149,AMPLIACIÓN LA CONCHITA,97.82 %,150
150,BATALLÓN DE SAN PATRICIO,97.8 %,151
151,VILLA MILPA ALTA CENTRO,97.77 %,152
152,UNIDAD KENNEDY,97.74 %,153
153,SAN FRANCISCO,97.71 %,154
154,AARÓN SÁENZ,97.71 %,155
155,MOLINO DE ROSAS,97.69 %,156
156,BARRIO 3 DE MAYO,97.64 %,157
157,LOMAS DE LAS ÁGUILAS,97.63 %,158
158,LAS PALMAS,97.62 %,159
159,TRES MOSQUETEROS,97.6 %,160
160,JARDINES DE LA PALMA,97.59 %,161
161,REAL DEL BOSQUE,97.55 %,162
162,DIVISIÓN DEL NORTE INFONAVIT,97.55 %,163
163,LOMA DEL OCOTE,97.5 %,164
164,MÁRTIRES DE TLATELOLCO,97.5 %,165
165,LOMAS ESTRELLA,97.45 %,166
166,CLUB DE GOLF MÉXICO,97.45 %,167
167,EL ARBOL AMPLIACION,97.43 %,168
168,ATLAMAYA,97.32 %,169
169,CHIMALLI,97.3 %,170
170,JOYAS DEL PEDREGAL,97.29 %,171
171,VERGEL COAPA,97.26 %,172
172,GUADALUPE TLALPAN,97.26 %,173
173,MONTE DE PIEDAD,97.25 %,174
174,RESIDENCIAL ACOXPA,97.25 %,175
175,EL BOSQUE - CONDOMINIO,97.23 %,176
176,VALLE DE LUCES 3A SECCION,97.23 %,177
177,PLAZUELA DEL PEDREGAL,97.23 %,178
178,EQUIPAMIENTO PREPARATORIA NUM. 5,97.23 %,179
179,REACOMODO PINO SUÁREZ,97.23 %,180
180,RANCHO LOS COLORINES,97.23 %,181
181,INSURGENTES SAN BORJA,97.21 %,182
182,LOMAS HERMOSA,97.19 %,183
183,PEDREGAL DE MONSERRAT,97.18 %,184
184,PARQUE RECREATIVO SANTA CRUZ MEYEHUALCO,97.16 %,185
185,EL ÉBANO,97.15 %,186
186,ESTACIÓN PANTACO,97.14 %,187
187,RESIDENCIAL EMPERADORES,97.13 %,188
188,UNIDAD MORELOS,97.12 %,189
189,SAN SALVADOR CUAUHTENCO SECCION III,97.12 %,190
190,EQUIPAMIENTO FABRICA FISISA I,97.11 %,191
191,FORTÍN DE CHIMALISTAC,97.11 %,192
192,ACUEDUCTO XOCHIMILCO,97.1 %,193
193,ABDIAS GARCIA SOTO,97.09 %,194
194,LOMAS DE LOS CEDROS,97.06 %,195
195,LA ROSITA,97.03 %,196
196,ABRAHAM M. GONZÁLEZ,97.0 %,197
197,REFORMA EDUCATIVA,96.98 %,198
198,EL YAQUI,96.97 %,199
199,TEPANTITLAMILCO,96.97 %,200
200,BARRIO SAN FRANCISCO,96.93 %,201
201,CENTRAL CAMIONERA PONIENTE,96.91 %,202
202,VILLA OLÍMPICA,96.88 %,203
203,SANTA MARIA DEL MONTE,96.86 %,204
204,SAN NICOLÁS TOLENTINO,96.85 %,205
205,PARQUE LAS AGUILAS,96.83 %,206
206,CUADRANTE DE SAN FRANCISCO,96.8 %,207
207,MIGUEL ALEMÁN,96.8 %,208
208,LOMAS DE VISTA HERMOSA,96.79 %,209
209,GALEANA,96.79 %,210
210,PUERTA GRANDE,96.77 %,211
211,TEMASTITITLA,96.77 %,212
212,PEDREGAL DEL LAGO,96.77 %,213
213,PRADO COAPA 1A SECCIÓN,96.76 %,214
214,REAL DEL MONTE,96.72 %,215
215,VALLE ESCONDIDO,96.71 %,216
216,BARRIO LA LONJA,96.7 %,217
217,SANTA CRUZ DE LAS SALINAS,96.69 %,218
218,EQUIPAMIENTO FABRICA FISISA,96.66 %,219
219,RINCÓN DEL PEDREGAL,96.66 %,220
220,LAS TINAJAS,96.63 %,221
221,ALAMEDA ORIENTE,96.62 %,222
222,PALO ALTO,96.57 %,223
223,TECOLALCO,96.56 %,224
224,LA PRESA SECCION HORNOS,96.55 %,225
225,MOLINO DEL REY,96.53 %,226
226,GAONA ARMENTA,96.53 %,227
227,TORRES DEL MAUREL,96.52 %,228
228,PANTEON SANTA FE,96.52 %,229
229,1ER REACOMODO CORPUS CHRISTI,96.52 %,230
230,VILLA TLALPAN,96.5 %,231
231,DEL MAESTRO,96.49 %,232
232,CARLOS A. MADRAZO,96.48 %,233
233,AHUATENCO,96.47 %,234
234,SAN SALVADOR CUAUHTENCO SECCION IV,96.45 %,235
235,RESERVA ECOLOGICA TORRES DE POTRERO,96.45 %,236
236,ERMITA CHURUBUSCO,96.45 %,237
237,INSURGENTES SAN ANGEL,96.45 %,238
238,ARCOS CENTENARIO,96.42 %,239
239,TOLTENCO,96.41 %,240
240,EL PARQUE DE COYOACÁN,96.4 %,241
241,CENTRO COMERCIAL PERISUR,96.39 %,242
242,OJITO DE AGUA,96.39 %,243
243,PARRES EL GUARDA,96.37 %,244
244,LA LUZ (VILLA MILPA ALTA),96.36 %,245
245,MAGISTERIAL,96.36 %,246
246,VILLA VERDÚN,96.36 %,247
247,A.M.S.A,96.33 %,248
248,AMPLIACION SIFON,96.32 %,249
249,INFONAVIT CAMINO SAN JUAN DE ARAGON,96.32 %,250
250,BOSQUES DE TARANGO,96.29 %,251
251,LA MARTINICA,96.28 %,252
252,PLAN DE BARRANCAS,96.26 %,253
253,AMPLIACION 7 DE JULIO,96.25 %,254
254,SAN BARTOLOMÉ XICOMULCO,96.24 %,255
255,AMPLIACION LOMAS DE SANTO DOMINGO,96.23 %,256
256,LAS AMÉRICAS,96.23 %,257
257,ISSFAM,96.23 %,258
258,AXOTLA,96.21 %,259
259,PUEBLO NUEVO BAJO,96.17 %,260
260,LAS LAJAS,96.16 %,261
261,HUAYAMILPAS,96.15 %,262
262,LAS FLORES,96.14 %,263
263,LOMAS DE CHAMONTOYA,96.13 %,264
264,LA NORIA III,96.12 %,265
265,LOMAS AXOMIATLA,96.12 %,266
266,SAN CLEMENTE NORTE,96.12 %,267
267,BARRIO LAS CRUCES,96.08 %,268
268,UNIDAD MONSERRAT,96.08 %,269
269,JESÚS DEL MONTE,96.07 %,270
270,EL METRO - BARRIO,96.07 %,271
271,RÓMULO SANCHEZ MIRELES,96.07 %,272
272,QUETZALCOATL,96.07 %,273
273,INDUSTRIAL PUERTO AÉREO,96.07 %,274
274,ALAMEDA SUR,96.07 %,275
275,LA DRAGA,96.05 %,276
276,LOMAS DE CHAPULTEPEC IV SECCIÓN (LOMAS VIRREYES),96.05 %,277
277,PEDREGAL DEL MAUREL,96.05 %,278
278,LOMAS DEL PEDREGAL,96.04 %,279
279,VIVEROS DE COYOACÁN,96.04 %,280
280,LOS SAUCES,96.04 %,281
281,4 ÁRBOLES,96.03 %,282
282,LA ESMERALDA 1A SECCIÓN,96.01 %,283
283,IGNACIO ZARAGOZA,96.01 %,284
284,LOMAS DE GUADALUPE,96.0 %,285
285,INFONAVIT LORETO FABELA,95.97 %,286
286,VILLA DEL PUENTE,95.97 %,287
287,DE SAN JUAN TLALPAN,95.95 %,288
288,BARRIO DE CARAMAGÜEY,95.95 %,289
289,ARAGÓN FOVISSSTE,95.95 %,290
290,COPILCO UNIVERSIDAD ISSSTE,95.94 %,291
291,RESIDENCIAL ALDAMA,95.93 %,292
292,FIVIPOR,95.93 %,293
293,LAS SALINAS,95.92 %,294
294,PALMAS,95.92 %,295
295,BARRANCA SECA,95.91 %,296
296,PASEO DE LAS LOMAS,95.9 %,297
297,PEÑA POBRE,95.89 %,298
298,INDEPENDENCIA SAN RAMON,95.88 %,299
299,10 DE MAYO,95.88 %,300
300,JARDINES DEL AJUSCO,95.87 %,301
301,ISSSTE,95.86 %,302
302,ATENOR SALAS,95.86 %,303
303,ACTIPAN,95.85 %,304
304,RESIDENCIAL HACIENDA COAPA,95.85 %,305
305,ALDAMA,95.85 %,306
306,JARDINES EN LA MONTAÑA,95.84 %,307
307,ESTADIO AZTECA,95.84 %,308
308,EL CHAMIZAL (LA MAGUEYERA EL RETIRO),95.84 %,309
309,LOS CIRUELOS,95.82 %,310
310,EL MIRADOR 3A SECCIÓN,95.82 %,311
311,AMADO NERVO,95.81 %,312
312,TECORRAL,95.81 %,313
313,ARVIDE,95.8 %,314
314,3 FUENTES,95.8 %,315
315,ZENTLAPATL,95.76 %,316
316,RINCONADA DE LOS REYES,95.76 %,317
317,SAN LORENZO ACOPILCO,95.76 %,318
318,MARIANO ESCOBEDO,95.74 %,319
319,LA PILA,95.74 %,320
320,RINCONADA DE TARANGO,95.7 %,321
321,ALCANFORES,95.7 %,322
322,BENITO JUAREZ I,95.7 %,323
323,AMPLIACION TLACUITLAPA II,95.7 %,324
324,BARRIO SAN FERNANDO,95.67 %,325
325,BOSQUE DE CHAPULTEPEC III SECCIÓN,95.67 %,326
326,DR. IGNACIO CHÁVEZ INFONAVIT,95.65 %,327
327,BARRIO SAN JUAN MINAS,95.64 %,328
328,AMPLIACIÓN VERACRUZANA,95.63 %,329
329,AMANECER BELLAVISTA,95.63 %,330
330,SAN PABLO CHIMALPA,95.59 %,331
331,PUEBLO QUIETO,95.58 %,332
332,ARENAL PUERTO AÉREO,95.56 %,333
333,BOSQUE DE CHAPULTEPEC II SECCIÓN,95.56 %,334
334,AHUEHUETES ANAHUAC,95.56 %,335
335,VILLA COYOACÁN,95.52 %,336
336,COLINAS DE TARANGO,95.51 %,337
337,SANTA  CECILIA TEPETLAPA,95.51 %,338
338,HACIENDA SAN JUAN,95.51 %,339
339,MIRADOR II,95.49 %,340
340,JOSEFA ORTIZ DE DOMÍNGUEZ,95.46 %,341
341,DAMIÁN CARMONA,95.44 %,342
342,LOMAS DE LOS ANGELES DEL PUEBLO TETELPAN,95.43 %,343
343,CUCHILLA PANTITLAN,95.43 %,344
344,VALENTIN GOMEZ FARIAS,95.42 %,345
345,ARENAL 2A SECCIÓN,95.41 %,346
346,MEXICALTZINGO,95.39 %,347
347,AMPLIACIÓN POPO,95.39 %,348
348,LA ESCALERA,95.38 %,349
349,REDENCION,95.38 %,350
350,RESIDENCIAL VILLA COAPA SUPER MANZANA 1,95.38 %,351
351,ACACIAS,95.37 %,352
352,LOMAS DE BEZARES,95.37 %,353
353,CRUZ BLANCA,95.36 %,354
354,ALTAVISTA,95.34 %,355
355,SANTA TERESA,95.33 %,356
356,LOMAS DE MEMETLA,95.32 %,357
357,BARRIO LOS REYES,95.31 %,358
358,ACASULCO,95.31 %,359
359,SAN MATEO (VILLA MILPA ALTA),95.31 %,360
360,EL TRIUNFO,95.3 %,361
361,TAXQUEÑA,95.28 %,362
362,ALCANTARILLA,95.28 %,363
363,NOCHEBUENA,95.28 %,364
364,EL PRADO,95.27 %,365
365,CUCHILLA DE PADIERNA,95.26 %,366
366,BELÉM DE LAS FLORES,95.25 %,367
367,PUEBLO NUEVO ALTO,95.24 %,368
368,ZACATEPEC(SAN MATEO XALPA),95.24 %,369
369,BARRIO EL TRUENITO,95.22 %,370
370,SAN PEDRO APÓSTOL,95.22 %,371
371,AGUILERA,95.22 %,372
372,AMPLIACIÓN EL SANTUARIO,95.21 %,373
373,CABEZA DE JUAREZ SECCION VI,95.2 %,374
374,SAN JOSÉ TICOMÁN,95.2 %,375
375,VILLA CUEMANCO INFONAVIT,95.2 %,376
376,EJIDO SAN MATEO,95.2 %,377
377,CHIMILLI,95.19 %,378
378,VALLE DE LUCES 1A SECCION,95.18 %,379
379,SANTA FE,95.17 %,380
380,BOSQUES DE LAS LOMAS,95.14 %,381
381,ZAPATA,95.13 %,382
382,TEPEXIMILPA SERVIMET,95.11 %,383
383,SECTOR 17,95.1 %,384
384,RESIDENCIAL VILLA COAPA SUPER MANZANA 4,95.1 %,385
385,EL MOLINITO,95.1 %,386
386,CAMPESTRE COYOACÁN,95.1 %,387
387,EL TEPETATAL,95.09 %,388
388,CONTADERO,95.08 %,389
389,EL MOLINO,95.08 %,390
390,LA CONCEPCIÓN,95.08 %,391
391,BALCONES DE CEHUAYO,95.06 %,392
392,AMPLIACION LA CANDELARIA,95.06 %,393
393,BARROS SIERRA,95.06 %,394
394,PUERTA GRANDE REACOMODO,95.06 %,395
395,BARRIO SAN LUCAS,95.05 %,396
396,MILITAR SEDENA,95.05 %,397
397,SECTOR NAVAL,95.04 %,398
398,BOSQUE DE CHAPULTEPEC I SECCIÓN,95.04 %,399
399,La Guadalupita,95.04 %,400
400,EX-EJIDO DE SANTA URSULA COAPA,95.03 %,401
401,SANTA LUCÍA CHANTEPEC,95.02 %,402
402,DR. FRANCISCO CABRERA,95.01 %,403
403,AMPLIACIÓN AVIACIÓN CIVIL,95.01 %,404
404,BELISARIO DOMÍNGUEZ SECCIÓN XVI,95.0 %,405
405,TECALCAPA DEL PUEBLO TETELPAN,95.0 %,406
406,NUEVA TENOCHTITLÁN,95.0 %,407
407,PLAN DE AYALA,95.0 %,408
408,PANTEON FRANCES,95.0 %,409
409,AMPLIACIÓN POTRERILLO,94.99 %,410
410,TETLALPAN,94.98 %,411
411,XOTEPINGO,94.97 %,412
412,LA MILAGROSA,94.97 %,413
413,PRADO COAPA 3A SECCIÓN,94.96 %,414
414,VERGEL DEL SUR,94.96 %,415
415,HERON PROAL,94.96 %,416
416,TULA (SAN PEDRO ATOCPAN),94.95 %,417
417,BOSQUE RESIDENCIAL DEL SUR,94.93 %,418
418,SINATEL,94.93 %,419
419,EMPLEADOS FEDERALES,94.92 %,420
420,ATLÁNTIDA,94.92 %,421
421,SAN MIGUEL (SAN PABLO OZTOTEPEC),94.91 %,422
422,COPILCO EL ALTO,94.91 %,423
423,ZACAHUITZCO,94.91 %,424
424,SAN AGUSTIN,94.91 %,425
425,FELIPE PESCADOR,94.9 %,426
426,JARDÍN AZPEITIA,94.9 %,427
427,TIERRA COLORADA,94.88 %,428
428,SANTA APOLONIA,94.88 %,429
429,ZENÓN DELGADO,94.86 %,430
430,ARENAL 1A SECCIÓN,94.86 %,431
431,DEL LAGO,94.86 %,432
432,16 DE SEPTIEMBRE,94.85 %,433
433,EL ROSEDAL,94.85 %,434
434,ARTES GRAFICAS,94.84 %,435
435,LOS ALPES,94.83 %,436
436,PLAZA COAPA,94.83 %,437
437,CANTAROS,94.83 %,438
438,2DA AMPLIACION BARRIO SAN MIGUEL (SAN FELIPE TERRE,94.83 %,439
439,PUEBLO DE SAN PABLO TEPETLAPA,94.83 %,440
440,LOMAS DE SOTELO,94.83 %,441
441,PETROLERA TAXQUEÑA,94.82 %,442
442,PRECONCRETO,94.81 %,443
443,MANUEL GUTIERREZ NAJERA,94.81 %,444
444,VIVEROS COATECTLÁN,94.81 %,445
445,TLACOYAQUE,94.78 %,446
446,LOMAS ALTAS,94.78 %,447
447,EX-EJIDO DE SAN PABLO TEPETLAPA,94.77 %,448
448,CRUZ DEL FAROL,94.76 %,449
449,EL RINCÓN,94.75 %,450
450,FLOR DE MARIA,94.74 %,451
451,HOGAR Y REDENCIÓN,94.74 %,452
452,PAULINO NAVARRO,94.74 %,453
453,ARTURO MARTÍNEZ,94.73 %,454
454,SAN BERNABÉ,94.73 %,455
455,SAN SALVADOR CUAUHTENCO SECCION I,94.73 %,456
456,PERIODISTA,94.73 %,457
457,TLACOQUEMECATL,94.73 %,458
458,REFORMA SOCIAL,94.72 %,459
459,PENITENCIARIA,94.72 %,460
460,FUENTES BROTANTES,94.72 %,461
461,BARRIO LA SANTÍSIMA,94.71 %,462
462,LAS AGUILAS 3ER PARQUE,94.71 %,463
463,SAN BARTOLO CAHUALTONGO,94.69 %,464
464,CARACOL,94.68 %,465
465,LA CONCHITA ZAPOTITLÁN,94.68 %,466
466,TEPETONGO,94.68 %,467
467,SANTA ROSA XOCHIAC,94.68 %,468
468,LA ANGOSTURA,94.68 %,469
469,COPILCO EL BAJO,94.68 %,470
470,LOMAS ESTRELLA 1A SECCION,94.67 %,471
471,AEROPUERTO INTERNACIONAL BENITO JUÁREZ,94.66 %,472
472,JUAN DE DIOS BÁTIZ,94.66 %,473
473,LOS PICOS VI-B,94.65 %,474
474,ZONA URBANA EJIDAL SANTA MARIA TOMATLAN,94.63 %,475
475,MAZA,94.62 %,476
476,COMUNEROS DE SANTA ÚRSULA,94.61 %,477
477,AJUSCO MONTSERRAT,94.61 %,478
478,LA PALMITA,94.61 %,479
479,CUCHILLA DEL MORAL 1,94.61 %,480
480,CRÉDITO CONSTRUCTOR,94.58 %,481
481,VENUSTIANO CARRANZA,94.57 %,482
482,LAS CAMPANAS,94.56 %,483
483,LOS ARCOS,94.55 %,484
484,Pueblo San Antonio Tecomitl (LAS ARBOLEDAS),94.55 %,485
485,GRACIANO SÁNCHEZ,94.55 %,486
486,SAN MIGUEL TOXIAC,94.55 %,487
487,BELVEDERE AJUSCO,94.53 %,488
488,EXTREMADURA INSURGENTES,94.53 %,489
489,8 DE AGOSTO,94.53 %,490
490,CAFETALES,94.51 %,491
491,INDEPENDENCIA BATAN SUR,94.51 %,492
492,POTRERO DEL LLANO,94.51 %,493
493,TECAXTITLA (SAN ANTONIO TECOMITL),94.51 %,494
494,PRADO COAPA 2A SECCIÓN,94.5 %,495
495,SANTA CRUZ AVIACIÓN,94.5 %,496
496,LAS AGUILAS 1A SECCIÓN,94.5 %,497
497,EL JAGÜEY,94.49 %,498
498,MONTE ALBAN,94.49 %,499
499,SANTA FE IMSS,94.49 %,500
500,BOSQUE DE LAS LOMAS,94.49 %,501
501,LIBERACIÓN PROLETARIA,94.48 %,502
502,CENTRO URBANO BENITO JUÁREZ,94.48 %,503
503,SAN JUAN,94.48 %,504
504,10 DE ABRIL,94.47 %,505
505,CANUTILLO,94.46 %,506
506,TENANTITLA (SAN ANTONIO TECOMITL),94.46 %,507
507,FRANCISCO I MADERO,94.46 %,508
508,SAN JOSÉ (SANTA ANA TLACOTENCO),94.46 %,509
509,AMÉRICAS UNIDAS,94.46 %,510
510,UNIDAD HAB. U.S.O.V.I.,94.46 %,511
511,SAN JUAN TEPEXIMILPA,94.45 %,512
512,ALBERT,94.44 %,513
513,EX-EJIDO DE LA MAGDALENA MIXIUHCA,94.44 %,514
514,CASTILLO CHICO,94.44 %,515
515,BARRIO SAN LORENZO,94.43 %,516
516,VILLA PROGRESISTA,94.43 %,517
517,P.E.Z.,94.42 %,518
518,BARRIO EL CAPULÍN,94.42 %,519
519,VERTIZ NARVARTE,94.42 %,520
520,CULHUACÁN CTM SECCIÓN VI,94.42 %,521
521,SAN MATEO TLALTENANGO,94.41 %,522
522,AGRICOLA / EX-HACIENDA DE GUADALUPE CHIMALISTAC,94.41 %,523
523,JUSTO SIERRA,94.4 %,524
524,GUELATAO BENITO JUÁREZ,94.4 %,525
525,LOMAS DE SAN JUAN IXHUATEPEC 2A SECCIÓN,94.39 %,526
526,EL ARBOLILLO,94.39 %,527
527,NUEVA ORIENTAL COAPA,94.38 %,528
528,GAMITOS,94.38 %,529
529,MADERO,94.38 %,530
530,ALFALFAR,94.38 %,531
531,EL ROSAL,94.38 %,532
532,LOMAS DEL CHAMIZAL,94.37 %,533
533,LA CARBONERA,94.36 %,534
534,LA ESPERANZA,94.36 %,535
535,AMPLIACIÓN SIMÓN BOLÍVAR,94.34 %,536
536,RINCONADA COAPA 2A SECCIÓN,94.33 %,537
537,LA LUPITA,94.33 %,538
538,DINAMITA,94.31 %,539
539,BENITO JUÁREZ,94.31 %,540
540,INDECO,94.3 %,541
541,AMPLIACIÓN GRANADA,94.29 %,542
542,PASEOS DEL SUR,94.28 %,543
543,VERONICA CASTRO,94.27 %,544
544,DEPORTIVA C.E.T. NO. 1,94.27 %,545
545,GLORIETA DE VAQUERITOS,94.27 %,546
546,IGNACIO MANUEL ALTAMIRANO,94.27 %,547
547,SAN FRANCISCO XICALTONGO,94.25 %,548
548,PLAZA ORIENTE,94.24 %,549
549,ADOLFO LÓPEZ MATEOS,94.24 %,550
550,NUEVA DIAZ ORDAZ,94.23 %,551
551,VALLE DE LUCES,94.23 %,552
552,HIDALGO,94.23 %,553
553,OCOTITLA (SAN PEDRO ATOCPAN),94.23 %,554
554,VILLA CUEMANCO,94.23 %,555
555,REACOMODO BELEN DE LAS FLORES,94.22 %,556
556,LOMAS DE SAN ÁNGEL INN,94.2 %,557
557,INDEPENDENCIA BATAN NORTE,94.2 %,558
558,AREA FEDERAL COMPLEJO DE TELEFONIA (CONTEL S.C.T.),94.2 %,559
559,ROMERO DE TERREROS,94.18 %,560
560,HACIENDAS DE COYOACÁN,94.17 %,561
561,EL RELOJ,94.17 %,562
562,LA VIGA,94.17 %,563
563,JOSÉ MARIA PINO SUÁREZ,94.17 %,564
564,SIMÓN BOLÍVAR,94.16 %,565
565,BARRIO SAN MIGUEL,94.16 %,566
566,POTRERILLO,94.15 %,567
567,SACRAMENTO,94.15 %,568
568,PEÑA ALTA,94.13 %,569
569,PUEBLO NUEVO,94.13 %,570
570,LOMAS QUEBRADAS,94.12 %,571
571,LOMAS DE TARANGO,94.11 %,572
572,LOS GIRASOLES,94.1 %,573
573,BARRIO OXTOPULCO UNIVERSIDAD,94.1 %,574
574,CHICHICASPATL,94.1 %,575
575,NIÑOS HÉROES,94.09 %,576
576,LA GUADALUPANA,94.09 %,577
577,MAXIMINO ÁVILA CAMACHO,94.09 %,578
578,BARRIO LA FAMA,94.09 %,579
579,AMPLIACIÓN LOMAS DE SAN BERNABÉ,94.08 %,580
580,CAMINO REAL DE TETELPAN,94.08 %,581
581,EMILIANO ZAPATA 1A SECCION,94.07 %,582
582,EL TORO,94.05 %,583
583,RINCON DEL BOSQUE,94.05 %,584
584,LAS CRUCES,94.04 %,585
585,LOMAS DE CUILOTEPEC,94.04 %,586
586,EL CARACOL,94.03 %,587
587,MINA LOS COYOTES,94.03 %,588
588,JALALPA EL GRANDE 1ER. REACOMODO,94.03 %,589
589,EL MIRADOR (SANTIAGO TULYEHUALCO),94.01 %,590
590,SAN MIGUEL 1 SECCION,94.01 %,591
591,2A AMPLIACIÓN EL PIRU,94.0 %,592
592,24 DE ABRIL,93.99 %,593
593,NEXTENGO,93.99 %,594
594,FERROCARRILERA,93.97 %,595
595,PARAJE TETENCO,93.96 %,596
596,LA NAVIDAD,93.94 %,597
597,JARDINES DE COYOACÁN,93.94 %,598
598,CENTRAL DE AUTOBUSES DEL SUR TAXQUEÑA,93.92 %,599
599,AMPLIACIÓN CARACOL,93.92 %,600
600,UNIDAD CUITLAHUAC,93.91 %,601
601,NARCISO MENDOZA SUPER MANZANA 2 VILLA COAPA,93.89 %,602
602,BARRIO DEL NIÑO JESÚS,93.86 %,603
603,PLANETARIO LINDAVISTA,93.86 %,604
604,TEXCALTENCO,93.85 %,605
605,EL TANQUE,93.85 %,606
606,AVIACIÓN CIVIL,93.84 %,607
607,MIXCOATL,93.84 %,608
608,PARQUE SAN ANDRÉS,93.84 %,609
609,PATRIMONIO FAMILIAR,93.84 %,610
610,INSURGENTES CUICUILCO,93.84 %,611
611,CAPULTITLAN,93.82 %,612
612,ARENAL 3A SECCIÓN,93.81 %,613
613,PILARES AGUILAS,93.81 %,614
614,UNIDAD HAB. LOMAS DE SOTELO,93.81 %,615
615,BARRIO LA CONCEPCIÓN TLACOAPA,93.8 %,616
616,AMPLIACIÓN NAPOLES,93.78 %,617
617,BARRIO LA ASUNCIÓN,93.78 %,618
618,LOMAS ALTAS DE PADIERNA SUR,93.78 %,619
619,EL ERMITAÑO,93.78 %,620
620,LAGO NORTE,93.77 %,621
621,HUICHAPAN,93.77 %,622
622,ZAPOTLA,93.77 %,623
623,PQUE ECOLOGICO IND. TECNOLOGICO DE LA CIUDAD DE M?XICO (FINSA),93.77 %,624
624,AMPLIACIÓN PROVIDENCIA,93.76 %,625
625,ARENAL TEPEPAN,93.76 %,626
626,MESA DE LOS HORNOS,93.75 %,627
627,7 DE JULIO,93.75 %,628
628,VILLA DE ARAGÓN,93.74 %,629
629,REAL DEL MORAL,93.73 %,630
630,AMPLIACIÓN PILOTO ADOLFO LÓPEZ MATEOS,93.73 %,631
631,LA ARAÑA,93.72 %,632
632,ALBARRADA,93.72 %,633
633,BUENOS AIRES,93.72 %,634
634,RINCÓN DE LA BOLSA,93.7 %,635
635,SAN JOSÉ DE LOS CEDROS,93.69 %,636
636,PARQUE NACIONAL BOSQUE DEL PEDREGAL,93.69 %,637
637,SANTA URSULA COAPA,93.69 %,638
638,POTRERO DE SAN BERNARDINO,93.68 %,639
639,FEDERAL,93.68 %,640
640,SAUZALES CEBADALES,93.66 %,641
641,OLIVAR DE LOS PADRES,93.66 %,642
642,LOMAS DE TEPEMECATL,93.65 %,643
643,PEDREGAL DE LA ZORRA,93.65 %,644
644,LOS PICOS DE IZTACALCO SECCIÓN 1A,93.65 %,645
645,JARDINES DEL SUR,93.64 %,646
646,LA MARTINICA II,93.63 %,647
647,TLACUITLAPA,93.63 %,648
648,EL OCOTAL,93.62 %,649
649,SAN MIGUEL AMANTLA,93.62 %,650
650,AMPLIACIÓN DANIEL GARZA,93.62 %,651
651,COLTONGO,93.61 %,652
652,MOSCO CHINAMPA,93.61 %,653
653,PUEBLO LA CANDELARIA,93.61 %,654
654,SAN NICOLÁS TOTOLAPAN,93.61 %,655
655,LOMAS DE BECERRA,93.59 %,656
656,U.H. TLALTEPA,93.59 %,657
657,MONTE ALTO,93.58 %,658
658,BONANZA,93.58 %,659
659,PENSIL SUR,93.57 %,660
660,GOLONDRINAS 1A SECCIÓN,93.56 %,661
661,LOS ÁNGELES (VILLA MILPA ALTA),93.56 %,662
662,AMPLIACIÓN RICARDO FLORES MAGÓN,93.54 %,663
663,DESARROLLO URBANO EL PIRU,93.53 %,664
664,FAJA DE ORO,93.52 %,665
665,SAN JERÓNIMO MIACATLÁN,93.51 %,666
666,TLALPAN CENTRO II,93.51 %,667
667,VALLE DE MADERO,93.5 %,668
668,PRADOS DE COYOACÁN,93.5 %,669
669,CIUDAD JARDÍN,93.48 %,670
670,LOMA LA PALMA,93.46 %,671
671,XOCHIMILCO,93.46 %,672
672,AMPLIACIÓN VENUSTIANO CARRANZA,93.45 %,673
673,TLAPECHICO,93.43 %,674
674,TLALMILLE,93.43 %,675
675,TETELPAN,93.42 %,676
676,GRANJAS COAPA,93.41 %,677
677,COOPERATIVA BIATLON,93.39 %,678
678,BELISARIO DOMÍNGUEZ,93.39 %,679
679,SANTA CRUZ,93.38 %,680
680,CIUDAD DE LOS DEPORTES,93.37 %,681
681,SAN NICOLÁS 2,93.37 %,682
682,AREA FEDERAL PARQUE CUITLAHUAC,93.37 %,683
683,PARAJE 38,93.37 %,684
684,SANTA MARTHA (VILLA MILPA ALTA),93.36 %,685
685,EL CENTINELA,93.36 %,686
686,ACUEDUCTO,93.36 %,687
687,EL PIRU SANTA FE,93.35 %,688
688,PORVENIR,93.35 %,689
689,SANTÍSIMA TRINIDAD,93.35 %,690
690,RESIDENCIAL VILLA PRADO COAPA,93.35 %,691
691,VILLA ESMERALDA,93.35 %,692
692,PIEDAD NARVARTE,93.34 %,693
693,JAMAICA,93.34 %,694
694,LA ASUNCION I,93.33 %,695
695,UNIDAD OBRERO HAB. CTM CULHUACAN ZONA 13,93.33 %,696
696,EL ENCINO DEL PUEBLO TETELPAN,93.32 %,697
697,REVOLUCIÓN,93.32 %,698
698,ESPERANZA,93.32 %,699
699,AVE REAL,93.31 %,700
700,LORETO,93.31 %,701
701,NOXCALCO,93.3 %,702
702,2A SECCIÓN CAÑADA,93.3 %,703
703,BARRIO SAN ANDRÉS,93.3 %,704
704,LA PRIMAVERA,93.3 %,705
705,OLÍMPICA,93.29 %,706
706,CULHUACÁN CTM SECCIÓN V,93.29 %,707
707,SANTA CRUZ (DEL PUEBLO DE SAN ANDRÉS MIXQUIC),93.28 %,708
708,PEÑÓN DE LOS BAÑOS,93.27 %,709
709,PRESIDENTES EJIDALES,93.26 %,710
710,SEVILLA,93.26 %,711
711,TLALCOLIGIA,93.26 %,712
712,PEDREGAL DE SAN FRANCISCO,93.25 %,713
713,LA PRESA,93.25 %,714
714,SAN BERNABÉ OCOTEPEC,93.24 %,715
715,AREA FEDERAL PANTEON SAN LORENZO TEZONCO,93.23 %,716
716,AMPLIACIÓN SAN MIGUEL,93.22 %,717
717,VILLA GUSTAVO A. MADERO,93.2 %,718
718,TLACAMACA,93.19 %,719
719,AMPLIACION SAN MIGUEL 8VA.,93.18 %,720
720,FUENTES DEL PEDREGAL,93.18 %,721
721,PUENTE COLORADO,93.17 %,722
722,ROSAS DEL TEPEYAC,93.17 %,723
723,SAN AGUSTIN (VILLA MILPA ALTA),93.17 %,724
724,LA RAZA,93.17 %,725
725,SANTA CRUZ ACAYUCAN,93.16 %,726
726,OBSERVATORIO,93.13 %,727
727,BARRIO 18,93.13 %,728
728,CALZADA JALALPA,93.12 %,729
729,LA CRUZ COYUYA,93.12 %,730
730,ZACATÓN,93.11 %,731
731,CHIMALCOYOTL,93.1 %,732
732,PUEBLO CULHUACÁN,93.1 %,733
733,SAN ANDRÉS TOMATLÁN,93.07 %,734
734,TIZAPAN,93.06 %,735
735,CABEZA DE JUAREZ VIII,93.05 %,736
736,IRRIGACIÓN,93.05 %,737
737,PLAN DE IGUALA,93.04 %,738
738,MAGDALENA MIXIUHCA,93.02 %,739
739,DEL GAS,93.02 %,740
740,SANTA CRUZ (VILLA MILPA ALTA),93.01 %,741
741,NARCISO MENDOZA SUPER MANZANA 4 VILLA COAPA,93.01 %,742
742,VICTORIA DE LAS DEMOCRACIAS,93.01 %,743
743,ARENAL,93.01 %,744
744,LOMAS DE LA ERA,93.0 %,745
745,SAN CLEMENTE SUR,93.0 %,746
746,NUEVA EL ROSARIO,92.98 %,747
747,RINCONADA LAS CUEVITAS,92.97 %,748
748,DR. ALFONSO ORTIZ TIRADO,92.97 %,749
749,SANTA ÚRSULA XITLA,92.97 %,750
750,SAN JOSÉ DEL OLIVAR,92.96 %,751
751,AMPLIACIÓN GUADALUPE PROLETARIA,92.95 %,752
752,XOCO,92.94 %,753
753,2A AMPLIACIÓN PRESIDENTES,92.94 %,754
754,LOS CIPRESES,92.92 %,755
755,BARRIO LA CONCEPCIÓN,92.92 %,756
756,FLORESTA COYOACÁN,92.91 %,757
757,AMPLIACIÓN SINATEL,92.9 %,758
758,MINAS CRISTO REY,92.9 %,759
759,12 DE DICIEMBRE,92.9 %,760
760,SAN SEBASTIÁN,92.9 %,761
761,ARENAL 4A SECCIÓN,92.89 %,762
762,LOS ENCINOS,92.89 %,763
763,JARDINES DEL PEDREGAL DE SAN ÁNGEL,92.89 %,764
764,INDEPENDENCIA,92.88 %,765
765,SAN SIMÓN TOLNAHUAC,92.88 %,766
766,SAN NICOLÁS TETELCO,92.87 %,767
767,LA GUADALUPE,92.86 %,768
768,Las Aguilas (AOB-3),92.86 %,769
769,HÉROE DE NACOZARI,92.86 %,770
770,PANCHIMALCO (SAN PEDRO ATOCPAN),92.86 %,771
771,CHURUBUSCO TEPEYAC,92.86 %,772
772,AMPLIACIÓN ESTADO DE HIDALGO,92.85 %,773
773,ARCOS DEL SUR,92.85 %,774
774,SAN PEDRO XALPA,92.85 %,775
775,1° DE MAYO,92.84 %,776
776,SINDICATO MEXICANO DE ELECTRICISTAS,92.83 %,777
777,MIRAVALLE,92.83 %,778
778,POSTAL,92.82 %,779
779,AMPLIACIÓN DEL GAS,92.82 %,780
780,LOMAS DE SANTA FE,92.82 %,781
781,LA ESMERALDA,92.8 %,782
782,CHIMALISTAC,92.78 %,783
783,JARDINES DE CHURUBUSCO,92.78 %,784
784,SAN JERÓNIMO ACULCO,92.77 %,785
785,FLORIDA,92.76 %,786
786,PENSIL NORTE,92.76 %,787
787,SAN MIGUEL XICALCO,92.76 %,788
788,COLA DE PATO - PUEBLO,92.74 %,789
789,EL CAPULÍN,92.73 %,790
790,EL VERGEL,92.73 %,791
791,Pueblo San Antonio Tecomitl Barrio Xochitepec,92.72 %,792
792,SANTA ANITA,92.72 %,793
793,LOS MANZANOS,92.72 %,794
794,SAN MIGUEL (DEL PUEBLO DE SAN ANDRÉS MIXQUIC),92.72 %,795
795,ALBARRADA I,92.71 %,796
796,LA PLANTA,92.7 %,797
797,TLACOPAC,92.7 %,798
798,LAGO SUR,92.69 %,799
799,ATACAXCO,92.69 %,800
800,GRANADA,92.69 %,801
801,1A VICTORIA,92.69 %,802
802,PÓLVORA,92.68 %,803
803,GRANJAS ESTRELLA,92.68 %,804
804,EL PARQUE,92.68 %,805
805,EX HACIENDA SAN JUAN DE DIOS,92.68 %,806
806,DANIEL GARZA,92.67 %,807
807,LOMAS DE SAN BERNABÉ,92.66 %,808
808,PROGRESO,92.65 %,809
809,TORRES DE PADIERNA,92.65 %,810
810,SAN FRANCISCO XOCOTITLA,92.63 %,811
811,SAN LORENZO TLACOYUCAN,92.63 %,812
812,SAN PABLO XALPA,92.63 %,813
813,PUEBLO DE LOS REYES,92.63 %,814
814,MAGDALENA ATLAZOLPA,92.63 %,815
815,ASTURIAS,92.62 %,816
816,LA CONCEPCIÓN (VILLA MILPA ALTA),92.62 %,817
817,PEDREGAL DE SAN NICOLÁS 1A SECCIÓN,92.62 %,818
818,TOLTECA,92.62 %,819
819,AMPLIACIÓN MÁRTIRES DE RÍO BLANCO,92.61 %,820
820,EX-HIPÓDROMO DE PERALVILLO,92.59 %,821
821,NUEVA ROSITA,92.59 %,822
822,SAN FRANCISCO TLALNEPANTLA,92.59 %,823
823,SAN MATEO XALPA,92.58 %,824
824,LOS CEDROS,92.58 %,825
825,SIDERAL,92.58 %,826
826,CANTERA PUENTE DE PIEDRA,92.57 %,827
827,LIBERALES DE 1857,92.56 %,828
828,EL MIRADOR,92.55 %,829
829,MOLINO DE SANTO DOMINGO,92.54 %,830
830,HUAYATLA,92.54 %,831
831,OBRERO POPULAR,92.54 %,832
832,SELENE,92.53 %,833
833,UNIDAD OBRERO HAB. CULHUACAN,92.53 %,834
834,BARRIO SAN AGUSTIN,92.52 %,835
835,PORTALES ORIENTE,92.52 %,836
836,EL MIRADOR 2A SECCIÓN,92.52 %,837
837,SANTA ANA,92.52 %,838
838,JUSTICIA SOCIAL,92.52 %,839
839,PRADOS AJUSCO,92.52 %,840
840,VILLA DE CORTES,92.52 %,841
841,ADOLFO RUIZ CORTINES,92.52 %,842
842,ESCUELA DE TIRO,92.51 %,843
843,ESTADO DE HIDALGO I,92.51 %,844
844,ANZURES,92.5 %,845
845,SAN JERÓNIMO LÍDICE,92.5 %,846
846,ARCOS LA ESMERALDA,92.5 %,847
847,ALGARIN,92.5 %,848
848,XOPA,92.5 %,849
849,CARMEN SERDÁN,92.49 %,850
850,GARCIMARRERO,92.48 %,851
851,AMPLIACIÓN TLACUITLAPA,92.48 %,852
852,LOS PADRES,92.48 %,853
853,CANTERA,92.47 %,854
854,SAN BUENAVENTURA,92.46 %,855
855,MIGUEL HIDALGO 3A SECCIÓN,92.46 %,856
856,LA CRUZ,92.43 %,857
857,LEGARIA,92.43 %,858
858,TIERRA NUEVA,92.42 %,859
859,BANJIDAL,92.42 %,860
860,PROGRESO TIZAPAN,92.4 %,861
861,GABRIEL RAMOS MILLÁN,92.4 %,862
862,LIBERTAD,92.39 %,863
863,NICOLÁS BRAVO,92.38 %,864
864,SAN JUANICO NEXTIPAC,92.38 %,865
865,LOMAS EL MANTO,92.38 %,866
866,PRADO CHURUBUSCO,92.37 %,867
867,CULHUACÁN CTM SECCIÓN IX,92.37 %,868
868,SANTA MARIA INSURGENTES,92.34 %,869
869,SAN MIGUEL AJUSCO,92.34 %,870
870,MALACATES,92.34 %,871
871,BONDOJITO,92.34 %,872
872,SANTO TOMAS,92.33 %,873
873,VILLA QUIETUD,92.33 %,874
874,PLENITUD,92.33 %,875
875,AMPLIACION SAN FRANCISCO CULHUACAN,92.32 %,876
876,PRESIDENTES,92.32 %,877
877,SAN FELIPE,92.31 %,878
878,EL SANTUARIO,92.3 %,879
879,SAN JOAQUÍN,92.3 %,880
880,MIGUEL HIDALGO 4A SECCIÓN,92.3 %,881
881,JOSÉ MARIA MORELOS Y PAVÓN,92.29 %,882
882,LA MAGDALENA PETLACALCO,92.28 %,883
883,SANTA MARIA MALINALCO,92.27 %,884
884,NUEVA SANTA ANITA,92.27 %,885
885,BARRIO NORTE,92.27 %,886
886,AMÉRICA,92.26 %,887
887,AVANTE,92.26 %,888
888,RINCONADA LAS PLAYAS INFONAVIT,92.26 %,889
889,CUCHILLA LA JOYA,92.26 %,890
890,MIRADOR I,92.25 %,891
891,HIPÓDROMO CONDESA,92.25 %,892
892,COPILCO UNIVERSIDAD,92.24 %,893
893,PEDREGAL DE SANTA ÚRSULA XITLA,92.24 %,894
894,BOSQUES DE TETLAMEYA,92.23 %,895
895,AMPLIACIÓN PETROLERA,92.22 %,896
896,15 DE AGOSTO,92.2 %,897
897,VENTURA PÉREZ DE ALVA,92.2 %,898
898,CHURUBUSCO COUNTRY CLUB,92.2 %,899
899,SANTIAGO NORTE,92.19 %,900
900,CUAJIMALPA,92.18 %,901
901,PUEBLO NATIVITAS,92.18 %,902
902,SANTA MARÍA NONOALCO,92.18 %,903
903,CAMISETAS - BARRIO,92.16 %,904
904,VILLA ROYALE,92.16 %,905
905,BEJERO DEL PUEBLO SANTA FE,92.15 %,906
906,LA CASCADA,92.15 %,907
907,EL MANTO,92.13 %,908
908,POLOTLAN,92.12 %,909
909,PUEBLO DE SANTA URSULA COAPA,92.12 %,910
910,MIGUEL HIDALGO 2A SECCIÓN,92.1 %,911
911,CUCHILLA AGRÍCOLA ORIENTAL,92.1 %,912
912,LA ASUNCIÓN,92.1 %,913
913,CALTONGO,92.09 %,914
914,SANTO DOMINGO,92.09 %,915
915,MICHOACANA,92.08 %,916
916,2 DE OCTUBRE,92.08 %,917
917,LOMAS DE NATIVITAS,92.08 %,918
918,ESTADIO OLIMPICO MEXICO 68,92.08 %,919
919,AMPLIACIÓN PENITENCIARIA,92.07 %,920
920,SAN SIMÓN CULHUACÁN,92.07 %,921
921,MIGUEL HIDALGO 1A SECCIÓN,92.07 %,922
922,TORRES DE POTRERO,92.06 %,923
923,OLIVAR DEL CONDE 2A SECCIÓN,92.06 %,924
924,PUEBLA,92.04 %,925
925,CRISTO REY,92.02 %,926
926,INPI PICOS,92.02 %,927
927,TECACALANCO,92.01 %,928
928,MARIA G. DE GARCÍA RUIZ,92.01 %,929
929,INTEGRACIÓN LATINOAMERICANA,92.0 %,930
930,SAN FRANCISCO TETECALA,92.0 %,931
931,SAN JOSÉ ACULCO,92.0 %,932
932,UN HOGAR PARA CADA TRABAJADOR,92.0 %,933
933,SAN BARTOLOMÉ (DEL PUEBLO DE SAN ANDRÉS MIXQUIC),91.99 %,934
934,CABEZA DE JUAREZ X,91.99 %,935
935,SAN JUAN DE ARAGÓN V SECCIÓN,91.98 %,936
936,AZTECA,91.98 %,937
937,SAN JUAN TEPEPAN,91.98 %,938
938,IGNACIO ALLENDE,91.98 %,939
939,SALVADOR DÍAZ MIRÓN,91.97 %,940
940,AGRÍCOLA METROPOLITANA,91.96 %,941
941,EJIDOS SAN JUAN DE ARAGON 1A SECCION,91.96 %,942
942,SANTA INES,91.96 %,943
943,VALLEJO PONIENTE,91.94 %,944
944,GENERAL IGNACIO ZARAGOZA,91.94 %,945
945,EL TEJOCOTE,91.94 %,946
946,CUEVITAS,91.93 %,947
947,AMPLIACIÓN COSMOPOLITA,91.93 %,948
948,VALLE DE LUCES 2A SECCION,91.93 %,949
949,FRACCIONAMIENTO COYUYA,91.92 %,950
950,SOLIDARIDAD NACIONAL,91.92 %,951
951,SANTA MARIA NONOALCO,91.92 %,952
952,EL OLIVO,91.91 %,953
953,HOGAR Y SEGURIDAD,91.89 %,954
954,SANTA ISABEL INDUSTRIAL,91.88 %,955
955,EDUCACIÓN,91.88 %,956
956,LOS REYES (DEL PUEBLO DE SAN ANDRÉS MIXQUIC),91.87 %,957
957,INSURGENTES MIXCOAC,91.87 %,958
958,CULHUACÁN CTM SECCIÓN VII,91.86 %,959
959,GOLONDRINAS,91.85 %,960
960,LOMAS DE CAPULA,91.85 %,961
961,REYNOSA TAMAULIPAS,91.84 %,962
962,SAN DIEGO CHURUBUSCO,91.84 %,963
963,NUEVA VALLEJO,91.84 %,964
964,MANUEL RIVERA ANAYA CROC 1,91.83 %,965
965,MIXCOAC,91.82 %,966
966,AERONÁUTICA MILITAR,91.81 %,967
967,VILLA PANAMERICANA,91.79 %,968
968,ATLAMAXAC,91.78 %,969
969,EL CUERNITO,91.77 %,970
970,GRANJAS DE SAN ANTONIO,91.77 %,971
971,REFORMA PENSIL,91.77 %,972
972,DEL RECREO,91.77 %,973
973,PRESIDENTE MADERO,91.76 %,974
974,TLAZINTLA,91.76 %,975
975,RESIDENCIAL LA ESCALERA,91.75 %,976
976,HÉROES DE CHAPULTEPEC,91.75 %,977
977,MODERNA,91.75 %,978
978,INDUSTRIAS MILITARES DE SEDENA,91.74 %,979
979,19 DE MAYO,91.74 %,980
980,EMILIO CARRANZA,91.74 %,981
981,SAN LORENZO TEZONCO FOVISSSTE,91.73 %,982
982,AQUILES SERDÁN,91.73 %,983
983,CULHUACÁN CTM SECCIÓN X,91.73 %,984
984,COLONIAL IZTAPALAPA,91.73 %,985
985,PEDREGAL DE SAN NICOLÁS 3A SECCIÓN,91.72 %,986
986,AMPLIACIÓN GABRIEL RAMOS MILLÁN,91.7 %,987
987,CAÑADA,91.69 %,988
988,LETRÁN VALLE,91.69 %,989
989,UNIDAD PROFESIONAL ADOLFO LOPEZ MATEOS,91.69 %,990
990,SAN FRANCISCO TECOXPA,91.68 %,991
991,GUADALUPE INSURGENTES,91.66 %,992
992,BOSQUES DEL PEDREGAL,91.66 %,993
993,LA CONCHITA,91.65 %,994
994,VERONICA ANZURES,91.65 %,995
995,BARRIO SANTA CATARINA,91.63 %,996
996,SAN BARTOLO AMEYALCO,91.6 %,997
997,EMILIANO ZAPATA FRACCIONAMIENTO POPULAR,91.6 %,998
998,SAN LUCAS XOCHIMANCA,91.58 %,999
999,SANTIAGO AHUIZOTLA,91.57 %,1000
1000,VILLA HERMOSA,91.57 %,1001
1001,VILLA CENTRO AMERICANA,91.56 %,1002
1002,MILITAR MARTE,91.55 %,1003
1003,SANTA CATARINA,91.54 %,1004
1004,BARRIO SAN CRISTÓBAL,91.54 %,1005
1005,LA CONCHA,91.54 %,1006
1006,PARAÍSO,91.53 %,1007
1007,TIERRA BLANCA,91.53 %,1008
1008,EUZKADI,91.53 %,1009
1009,ANGEL ZIMBRON,91.51 %,1010
1010,SAN BARTOLO EL CHICO,91.51 %,1011
1011,SAN ANDRÉS DE LAS SALINAS,91.5 %,1012
1012,MAGDALENA DE LAS SALINAS,91.5 %,1013
1013,BOSQUE,91.5 %,1014
1014,CRUZTITLA (SAN ANTONIO TECOMITL),91.5 %,1015
1015,ÁLVARO OBREGÓN,91.49 %,1016
1016,TULYEHUALCO,91.47 %,1017
1017,POPULAR RASTRO,91.46 %,1018
1018,AMPLIACIÓN LA CEBADA,91.46 %,1019
1019,2A AMPLIACIÓN JALALPA TEPITO,91.46 %,1020
1020,VALLE DE TEPEPAN,91.46 %,1021
1021,TEZOZOMOC,91.46 %,1022
1022,LOS VOLCANES,91.46 %,1023
1023,BELEN DE LAS FLORES SECCION LOMITA,91.45 %,1024
1024,TRIANGULO DE LAS AGUJAS,91.45 %,1025
1025,ZEDEC SANTA FE,91.42 %,1026
1026,SANTO TOMAS AJUSCO,91.4 %,1027
1027,TORRES LINDAVISTA,91.38 %,1028
1028,SANTA ANA CENTRO,91.37 %,1029
1029,LOMAS DE SOTELO I,91.37 %,1030
1030,20 DE NOVIEMBRE,91.36 %,1031
1031,CARLOS ZAPATA VELA,91.36 %,1032
1032,AMPLIACIÓN ASTURIAS,91.35 %,1033
1033,LA FORESTAL 2,91.35 %,1034
1034,ESTANZUELA,91.32 %,1035
1035,PASEOS DE TAXQUEÑA,91.32 %,1036
1036,EL RODEO,91.32 %,1037
1037,ARBOLEDAS DEL SUR,91.3 %,1038
1038,GERTRUDIS SÁNCHEZ 1A SECCIÓN,91.29 %,1039
1039,PARQUE NACIONAL CERRO  DE LA ESTRELLA,91.29 %,1040
1040,GRANJAS ESMERALDA,91.28 %,1041
1041,VALENTÍN GÓMEZ FARIAS,91.27 %,1042
1042,EL POCITO,91.27 %,1043
1043,TORRE BLANCA,91.27 %,1044
1044,SAN JUANICO,91.26 %,1045
1045,ALDANA,91.25 %,1046
1046,SAN JOSÉ INSURGENTES,91.23 %,1047
1047,SAN BARTOLO ATEPEHUACAN,91.23 %,1048
1048,BELEN DE LAS FLORES SECCION CUCHILLA,91.22 %,1049
1049,SAN PEDRO,91.21 %,1050
1050,SAN MIGUEL ZAPOTITLA,91.2 %,1051
1051,CORPUS CHRISTY,91.19 %,1052
1052,JANITZIO,91.19 %,1053
1053,IZTACCIHUATL,91.18 %,1054
1054,LAS AGUILAS,91.18 %,1055
1055,GUADALUPITA,91.18 %,1056
1056,BARRIO SAN PEDRO,91.17 %,1057
1057,LOMAS DEL PEDREGAL FRAMBOYANES,91.16 %,1058
1058,MERCED BALBUENA,91.16 %,1059
1059,ROMERO RUBIO,91.15 %,1060
1060,AMPLIACION ADOLFO LOPEZ MATEOS,91.15 %,1061
1061,DEFENSORES DE LA REPÚBLICA,91.14 %,1062
1062,ARAGÓN LA VILLA,91.14 %,1063
1063,ESTRELLA CULHUACÁN,91.14 %,1064
1064,SAN MATEO,91.13 %,1065
1065,RANCHO TEJOMULCO,91.13 %,1066
1066,ZACATENCO,91.13 %,1067
1067,SAN ANDRÉS TETEPILCO,91.12 %,1068
1068,LORENZO BOTURINI,91.12 %,1069
1069,SAN MIGUEL (SANTA ANA TLACOTENCO),91.1 %,1070
1070,SAN AGUSTIN OHTENCO,91.1 %,1071
1071,GERTRUDIS SANCHEZ 3A SECCION,91.08 %,1072
1072,CONDESA,91.07 %,1073
1073,GRANJAS MODERNAS,91.07 %,1074
1074,SAN ANDRÉS AHUAYUCAN,91.06 %,1075
1075,BARRIO SAN DIEGO,91.05 %,1076
1076,ESTADO DE HIDALGO,91.05 %,1077
1077,EL RETOÑO,91.05 %,1078
1078,GENERAL PEDRO MARIA ANAYA,91.04 %,1079
1079,MARGARITA MAZA DE JUÁREZ,91.04 %,1080
1080,ACULCO,91.04 %,1081
1081,PEDREGAL DE SAN NICOLÁS 2A SECCIÓN,91.03 %,1082
1082,PUEBLO DE LA MAGDALENA MIXIUHCA,91.03 %,1083
1083,GABRIEL RAMOS MILLÁN SECCIÓN TLACOTAL,91.03 %,1084
1084,JALALPA TEPITO,91.02 %,1085
1085,LA CONCEPCION,91.02 %,1086
1086,SAN MIGUEL TEHUISCO,90.99 %,1087
1087,EL MIRADOR I(SAN LUCAS XOCHIMANCA),90.98 %,1088
1088,LA JOYA,90.98 %,1089
1089,MÉXICO NUEVO,90.98 %,1090
1090,LA LOMA,90.97 %,1091
1091,ROSARIO TLALI,90.97 %,1092
1092,TLATILCO,90.97 %,1093
1093,LA VALENCIANA,90.93 %,1094
1094,XALTIPAC (SAN ANTONIO TECOMITL),90.93 %,1095
1095,AMPLIACIÓN JALALPA,90.93 %,1096
1096,AMPLIACION SAN JUAN DE ARAGON CTM,90.92 %,1097
1097,2A. AMPLIACION JALALPA EL GRANDE,90.92 %,1098
1098,ESPARTACO,90.92 %,1099
1099,LA JOYITA,90.9 %,1100
1100,SAN ISIDRO,90.9 %,1101
1101,LA ERA,90.88 %,1102
1102,VILLA LÁZARO CÁRDENAS,90.88 %,1103
1103,NOCHTLA (SAN PEDRO ATOCPAN),90.87 %,1104
1104,SAN SIMÓN TICUMAC,90.86 %,1105
1105,EX ESCUELA DE TIRO,90.84 %,1106
1106,PONCIANO ARRIAGA,90.84 %,1107
1107,CUCHILLA DEL TESORO,90.83 %,1108
1108,LOMAS DE CUAUTEPEC,90.81 %,1109
1109,GABRIEL RAMOS MILLÁN SECCIÓN BRAMADERO,90.8 %,1110
1110,SANTIAGO,90.79 %,1111
1111,COLINA DEL SUR,90.79 %,1112
1112,EL POLITOCO,90.79 %,1113
1113,VALLE DEL TEPEYAC,90.78 %,1114
1114,AMPLIACIÓN MICHOACANA,90.78 %,1115
1115,ERMITA,90.78 %,1116
1116,RICARDO FLORES MAGON,90.78 %,1117
1117,SANTA CECILIA,90.77 %,1118
1118,AMPLIACIÓN EL TRIUNFO,90.76 %,1119
1119,SAN LORENZO HUIPULCO,90.76 %,1120
1120,NARCISO BASSOLS,90.76 %,1121
1121,LA PASTORA,90.76 %,1122
1122,CORRALES,90.75 %,1123
1123,SAN ANGEL INN,90.75 %,1124
1124,AMPLIACIÓN TEPEACA,90.74 %,1125
1125,SAN JOSÉ,90.73 %,1126
1126,DOS LAGOS,90.72 %,1127
1127,SANTA FE INFONAVIT,90.71 %,1128
1128,CULTURA MAYA,90.7 %,1129
1129,LAS PERITAS,90.68 %,1130
1130,SAN JUAN DE ARAGÓN VI SECCIÓN,90.65 %,1131
1131,SIERRA DEL VALLE,90.64 %,1132
1132,AMPLIACIÓN ALPES,90.64 %,1133
1133,APATLACO,90.63 %,1134
1134,LA REGADERA,90.62 %,1135
1135,COVE,90.62 %,1136
1136,LOMAS DE PLATEROS,90.62 %,1137
1137,C.T.M. ARAGÓN,90.6 %,1138
1138,LA MALINCHE,90.6 %,1139
1139,LA TURBA,90.59 %,1140
1140,GUADALUPE VICTORIA CUAUTEPEC,90.58 %,1141
1141,OLIVAR DEL CONDE 1A SECCIÓN,90.57 %,1142
1142,CENTRO DE AZCAPOTZALCO,90.56 %,1143
1143,NONOALCO TLATELOLCO,90.56 %,1144
1144,LA MAGDALENA,90.54 %,1145
1145,LA ESTRELLA,90.53 %,1146
1146,AMPLIACIÓN PANAMERICANA,90.51 %,1147
1147,MINERVA,90.51 %,1148
1148,SAN LUCAS,90.51 %,1149
1149,2A AMPLIACIÓN LA MEXICANA,90.51 %,1150
1150,QUIAHUATLA,90.51 %,1151
1151,PARQUE METROPOLITANO,90.49 %,1152
1152,VALLE DE SANTA MARÍA,90.47 %,1153
1153,TRANSITO,90.46 %,1154
1154,TABLAS DE SAN AGUSTÍN,90.46 %,1155
1155,ISIDRO FABELA,90.45 %,1156
1156,DEL OBRERO,90.45 %,1157
1157,SAN LORENZO XICOTENCATL,90.43 %,1158
1158,CONSTITUCIÓN DE LA REPÚBLICA,90.43 %,1159
1159,SANTA LUCIA,90.41 %,1160
1160,ZONA ESCOLAR,90.41 %,1161
1161,LOMAS ESTRELLA 2A SECCION,90.41 %,1162
1162,SAN PABLO - BARRIO,90.39 %,1163
1163,LA NORIA,90.39 %,1164
1164,LOS REYES,90.39 %,1165
1165,SAN JUAN XALPA,90.38 %,1166
1166,CUAUTEPEC DE MADERO,90.37 %,1167
1167,ARBOLEDAS DE CUAUTEPEC EL ALTO,90.37 %,1168
1168,NATIVITAS,90.37 %,1169
1169,LA PRECIOSA,90.36 %,1170
1170,EL COYOL,90.36 %,1171
1171,PARQUE DEL PEDREGAL,90.34 %,1172
1172,SAN ANTONIO CULHUACÁN,90.32 %,1173
1173,LA CASILDA,90.32 %,1174
1174,SAN JUAN TLIHUACA,90.3 %,1175
1175,SANTA MARÍA TOMATLÁN,90.3 %,1176
1176,TELONCOCHABACANO,90.3 %,1177
1177,TRABAJADORES DE HIERRO,90.3 %,1178
1178,POPO,90.28 %,1179
1179,LAS ARBOLEDAS,90.27 %,1180
1180,MERCED GÓMEZ,90.27 %,1181
1181,AMPLIACIÓN SAN PEDRO XALPA,90.26 %,1182
1182,AÑO DE JUÁREZ,90.26 %,1183
1183,SELENE 1A. SECCION,90.25 %,1184
1184,SANTA ANA NORTE,90.24 %,1185
1185,ATLAMPA,90.24 %,1186
1186,SAN MIGUEL TOPILEJO,90.24 %,1187
1187,SAN ANDRES TOMATLAN - ZONA URBANA,90.22 %,1188
1188,SAN JUAN DE ARAGÓN,90.21 %,1189
1189,SAN FRANCISCO TLALTENCO,90.2 %,1190
1190,LA HABANA,90.2 %,1191
1191,LA PURÍSIMA TICOMÁN,90.2 %,1192
1192,SOLIDARIDAD,90.18 %,1193
1193,5O TRAMO 20 DE NOVIEMBRE,90.17 %,1194
1194,SAN MARTÍN XOCHINAHUAC,90.17 %,1195
1195,BARRIO TULA,90.15 %,1196
1196,CASTILLO GRANDE I,90.13 %,1197
1197,SAN PEDRO EL CHICO,90.13 %,1198
1198,LAS ANIMAS,90.13 %,1199
1199,COSMOPOLITA,90.11 %,1200
1200,TLALPAN CENTRO I,90.11 %,1201
1201,GUADALUPE INN,90.1 %,1202
1202,SAN ANGEL,90.1 %,1203
1203,6 DE JUNIO,90.1 %,1204
1204,EL PARAÍSO,90.1 %,1205
1205,JUAN GONZÁLEZ ROMERO,90.09 %,1206
1206,NATIVITAS (PUEBLO SAN LUCAS XOCHIMANCA),90.09 %,1207
1207,VISTA ALEGRE,90.09 %,1208
1208,7 DE NOVIEMBRE,90.08 %,1209
1209,PLUTARCO ELÍAS CALLES,90.08 %,1210
1210,1A AMPLIACIÓN PRESIDENTES,90.08 %,1211
1211,TLAXPANA,90.07 %,1212
1212,PEDREGAL DE SAN NICOLÁS 4A SECCIÓN,90.06 %,1213
1213,SANTA CRUZ XOCHITEPEC,90.05 %,1214
1214,LOS REYES CULHUACÁN,90.05 %,1215
1215,XOCHIPILLI,90.04 %,1216
1216,JOSÉ MARIA MORELOS Y PAVÓN 1,90.03 %,1217
1217,TEQUIMILA,90.03 %,1218
1218,NORMA FOVISSSTE,90.03 %,1219
1219,ESCUADRÓN 201,90.03 %,1220
1220,RESIDENCIAL VILLA COAPA SUPER MANZANA 8,90.03 %,1221
1221,GUADALUPE VICTORIA,90.03 %,1222
1222,CASA LA SALLE,90.02 %,1223
1223,LA HERRADURA DEL PUEBLO TETELPAN,90.01 %,1224
1224,ZONA ESCOLAR ORIENTE,90.0 %,1225
1225,VIADUCTO PIEDAD,90.0 %,1226
1226,EL MIRADOR  (SANTA CRUZ XOCHITEPEC),89.99 %,1227
1227,TLACAELEL 1,89.98 %,1228
1228,SANTA CECILIA TEPETLAPA,89.98 %,1229
1229,EL GAVILÁN,89.97 %,1230
1230,MOCTEZUMA 1A SECCIÓN,89.92 %,1231
1231,CUAUHTÉMOC PENSIL,89.92 %,1232
1232,VERGEL DE COYOACÁN,89.91 %,1233
1233,SAN DIEGO OCOYOACAC,89.9 %,1234
1234,LA NORIA I,89.89 %,1235
1235,JORGE NEGRETE,89.89 %,1236
1236,LA ASUNCION - BARRIO,89.88 %,1237
1237,VALLE GÓMEZ,89.88 %,1238
1238,EL MIRADOR 1A SECCIÓN,89.87 %,1239
1239,NARCISO MENDOZA SUPER MANZANA 3 VILLA COAPA,89.86 %,1240
1240,ESTRELLA DEL SUR,89.85 %,1241
1241,CACAMA,89.85 %,1242
1242,HÉROES DE CERRO PRIETO,89.84 %,1243
1243,EMILIANO ZAPATA 2A SECCION,89.84 %,1244
1244,TIERRA UNIDA,89.83 %,1245
1245,AMPLIACION ZONA URBANA EJIDAL SANTA MARIA AZTAHUAC,89.82 %,1246
1246,ROSEDAL,89.82 %,1247
1247,BARRIO SAN ESTEBAN,89.74 %,1248
1248,CAMPESTRE,89.74 %,1249
1249,BARRIO SAN JUAN MOYOTEPEC,89.74 %,1250
1250,HÉROES DE CHURUBUSCO,89.73 %,1251
1251,SANTA MARIA DE LOS OLIVOS - BARRIO,89.73 %,1252
1252,SECTOR POPULAR,89.72 %,1253
1253,LA GALVIA,89.72 %,1254
1254,CABEZA DE JUAREZ VII,89.71 %,1255
1255,SANTA BÁRBARA,89.71 %,1256
1256,SAN IGNACIO,89.71 %,1257
1257,PRIVADA DEL RINCON,89.71 %,1258
1258,PANAMERICANA,89.69 %,1259
1259,SAN LORENZO ATEMOAYA,89.68 %,1260
1260,PILOTO ADOLFO LÓPEZ MATEOS,89.68 %,1261
1261,JARDINES VILLA COAPA,89.68 %,1262
1262,LAS PEÑAS,89.67 %,1263
1263,QUIRINO MENDOZA (TULYEHUALCO),89.63 %,1264
1264,EL MILAGRO,89.63 %,1265
1265,SAN JUAN (SAN PABLO OZTOTEPEC),89.63 %,1266
1266,PASEOS DE CHURUBUSCO,89.63 %,1267
1267,SANTA ANA SUR,89.62 %,1268
1268,REFORMA IZTACCIHUATL NORTE,89.61 %,1269
1269,JARDINES DEL PEDREGAL,89.6 %,1270
1270,SAN ANDRÉS,89.6 %,1271
1271,TORIELLO GUERRA,89.59 %,1272
1272,UNIDAD MODELO,89.58 %,1273
1273,NARCISO MENDOZA SUPER MANZANA 5 VILLA COAPA,89.58 %,1274
1274,LOS PICOS DE IZTACALCO SECCIÓN 1B,89.57 %,1275
1275,HERMOSILLO,89.55 %,1276
1276,LIBERACIÓN,89.54 %,1277
1277,GUADALUPE PROLETARIA,89.53 %,1278
1278,INDUSTRIAL VALLEJO,89.51 %,1279
1279,LOS ÁNGELES APANOAYA,89.51 %,1280
1280,SAN MARCOS NORTE,89.5 %,1281
1281,RENOVACIÓN,89.49 %,1282
1282,1RA. AMPLIACIÓN SANTIAGO ACAHUALTEPEC,89.49 %,1283
1283,LA MEXICANA,89.47 %,1284
1284,PERALVILLO,89.46 %,1285
1285,BELLAVISTA,89.46 %,1286
1286,SAN SALVADOR XOCHIMANCA,89.46 %,1287
1287,LAS AGUILAS 2O PARQUE,89.45 %,1288
1288,25 DE JULIO,89.45 %,1289
1289,FERNANDO CASAS ALEMÁN,89.45 %,1290
1290,EJERCITO DE AGUA PRIETA,89.45 %,1291
1291,SAN LORENZO TLALTENANGO,89.45 %,1292
1292,ERMITA TIZAPAN,89.44 %,1293
1293,SAN JUAN DE ARAGÓN II SECCIÓN,89.43 %,1294
1294,CLAVERÍA,89.43 %,1295
1295,JUVENTINO ROSAS,89.42 %,1296
1296,FORESTAL I,89.42 %,1297
1297,VASCO DE QUIROGA,89.41 %,1298
1298,TENORIOS,89.4 %,1299
1299,CAMPESTRE CHURUBUSCO,89.4 %,1300
1300,LOMAS DE ZARAGOZA,89.38 %,1301
1301,HUÍCHAPAN,89.38 %,1302
1302,PRADOS DE CUAUTEPEC,89.38 %,1303
1303,COMPOSITORES MEXICANOS,89.37 %,1304
1304,ACUEDUCTO DE GUADALUPE,89.36 %,1305
1305,VALLE DEL SUR,89.34 %,1306
1306,LOMAS DE CHAPULTEPEC I SECCIÓN,89.34 %,1307
1307,COCOYOTES,89.34 %,1308
1308,LUIS DONALDO COLOSIO,89.32 %,1309
1309,PEDREGAL DE LAS ÁGUILAS,89.31 %,1310
1310,MULTIROL TLAXCANES (HERRADURA TLAXCANES),89.3 %,1311
1311,PUNTA DE CEHUAYA,89.29 %,1312
1312,CABEZA DE JUAREZ IX,89.29 %,1313
1313,5 DE MAYO,89.29 %,1314
1314,SAN PEDRO MÁRTIR,89.28 %,1315
1315,TABACALERA,89.28 %,1316
1316,AMPLIACION MOLINO DE ROSAS,89.26 %,1317
1317,SAN ÁLVARO,89.26 %,1318
1318,PRO-HOGAR,89.25 %,1319
1319,SAN JUAN DE ARAGÓN VII SECCIÓN,89.25 %,1320
1320,TEPEYAC INSURGENTES,89.24 %,1321
1321,PASTEROS,89.24 %,1322
1322,SANTIAGO ATZACOALCO,89.23 %,1323
1323,AHUEHUETES,89.23 %,1324
1324,SAN JUAN DE ARAGÓN III SECCIÓN,89.19 %,1325
1325,ZAPOTITLA,89.19 %,1326
1326,SANTA LUCÍA REACOMODO,89.18 %,1327
1327,JARDINES TECMA,89.18 %,1328
1328,NUEVA SANTA MARIA,89.17 %,1329
1329,TRES ESTRELLAS,89.15 %,1330
1330,SANTIAGO SUR,89.12 %,1331
1331,RINCÓN DE SAN JUAN,89.12 %,1332
1332,NUEVA ESPAÑA,89.12 %,1333
1333,PUEBLO SANTA FE,89.07 %,1334
1334,VERANO,89.06 %,1335
1335,VILLA CHARRA DEL PEDREGAL,89.06 %,1336
1336,AREA FEDERAL PANTEON CIVIL SAN NICOLAS TOLENTINO,89.06 %,1337
1337,PURÍSIMA ATLAZOLPA,89.04 %,1338
1338,INFONAVIT IZTACALCO,89.04 %,1339
1339,JACARANDAS,89.04 %,1340
1340,TRIUNFO DE LA REPÚBLICA,89.03 %,1341
1341,SANTA ANA PONIENTE,89.01 %,1342
1342,FRANCISCO VILLA,89.0 %,1343
1343,SAN MARCOS,88.99 %,1344
1344,LOMAS DE LA ESTANCIA,88.98 %,1345
1345,SANTIAGO ACAHUALTEPEC,88.98 %,1346
1346,LOS OLIVOS,88.96 %,1347
1347,DEL MAR,88.95 %,1348
1348,UN HOGAR PARA NOSOTROS,88.95 %,1349
1349,LEYES DE REFORMA 1A SECCIÓN,88.94 %,1350
1350,EL SIFÓN,88.93 %,1351
1351,GUADALUPE TLALTENCO,88.92 %,1352
1352,SAN JUAN ESTRELLA,88.92 %,1353
1353,AMPLIACIÓN BENITO JUÁREZ,88.92 %,1354
1354,PUENTE BLANCO,88.91 %,1355
1355,PERALITOS,88.89 %,1356
1356,PARAJE SAN JUAN CERRO,88.89 %,1357
1357,LOMAS DE PADIERNA,88.89 %,1358
1358,POPULAR SANTA TERESA,88.87 %,1359
1359,AJUSCO,88.87 %,1360
1360,AMPLIACIÓN TORRE BLANCA,88.86 %,1361
1361,SAN RAFAEL,88.84 %,1362
1362,SANTIAGO TEPALCATLALPAN,88.82 %,1363
1363,FERRERÍA,88.82 %,1364
1364,ESTRELLA,88.81 %,1365
1365,PENSADOR MEXICANO,88.79 %,1366
1366,FORESTAL,88.78 %,1367
1367,SAN JUAN DE ARAGÓN IV SECCIÓN,88.78 %,1368
1368,CHALMA DE GUADALUPE,88.78 %,1369
1369,AGRICULTURA,88.77 %,1370
1370,PUENTE SIERRA,88.77 %,1371
1371,MIGUEL HIDALGO,88.76 %,1372
1372,BOSQUES 2A SECCION,88.76 %,1373
1373,LA NOPALERA,88.75 %,1374
1374,CONCHITA A,88.75 %,1375
1375,MODELO PENSIL,88.73 %,1376
1376,SAN JUAN DE ARAGÓN I SECCIÓN,88.73 %,1377
1377,PODER POPULAR MERCED GOMEZ,88.73 %,1378
1378,INSURGENTES,88.7 %,1379
1379,SAN JUAN JOYA,88.68 %,1380
1380,SAN MIGUEL CHAPULTEPEC,88.66 %,1381
1381,AREA FEDERAL PARQUE ECOLOGICO EL SALADO,88.66 %,1382
1382,SAN FRANCISCO CULHUACAN,88.64 %,1383
1383,IZTLAHUACÁN,88.61 %,1384
1384,RESIDENCIAL ZACATENCO,88.6 %,1385
1385,OJO DE AGUA,88.56 %,1386
1386,EMILIO PORTES GIL,88.56 %,1387
1387,CERRILLOS TERCERA SECCIÓN,88.53 %,1388
1388,GABRIEL HERNÁNDEZ,88.51 %,1389
1389,GUADALUPE,88.5 %,1390
1390,ALFONSO XIII,88.48 %,1391
1391,TLALPEXCO,88.46 %,1392
1392,ÁLAMOS,88.46 %,1393
1393,EJERCITO DE ORIENTE 2,88.44 %,1394
1394,ARAGÓN INGUARÁN,88.44 %,1395
1395,PETROLERA,88.43 %,1396
1396,SELENE 2A. SECCION,88.41 %,1397
1397,VASO DE REGULACION,88.41 %,1398
1398,CERRO DE LA ESTRELLA,88.38 %,1399
1399,BARRIO SAN JUAN,88.38 %,1400
1400,DEL BOSQUE,88.36 %,1401
1401,JAIME TORRES BODET,88.34 %,1402
1402,FELIPE ÁNGELES,88.33 %,1403
1403,2O REACOMODO TLACUITLAPA,88.31 %,1404
1404,EL MOLINO TEZONCO,88.28 %,1405
1405,HÉROES DE PADIERNA,88.28 %,1406
1406,POPOTLA,88.27 %,1407
1407,ANTONIO CARRILLO FLORES,88.26 %,1408
1408,PALMITAS,88.25 %,1409
1409,CAMPAMENTO 2 DE OCTUBRE,88.24 %,1410
1410,LOMAS DE TONALCO,88.23 %,1411
1411,DEPORTIVO PENSIL,88.21 %,1412
1412,SANTA CRUZ ACALPIXCA - PUEBLO,88.2 %,1413
1413,NUEVO BARRIO SAN RAFAEL,88.2 %,1414
1414,CONCHITA B,88.16 %,1415
1415,SAN MARCOS (SANTA ANA TLACOTENCO),88.16 %,1416
1416,LAS PUERTAS - BARRIO,88.14 %,1417
1417,CASTILLO GRANDE,88.14 %,1418
1418,REFORMA IZTACCIHUATL SUR,88.09 %,1419
1419,SAN JOSÉ DE LA ESCALERA,88.08 %,1420
1420,INDUSTRIAL,88.08 %,1421
1421,PEDREGAL DE SANTA URSULA,88.07 %,1422
1422,RESIDENCIAL ACUEDUCTO DE GUADALUPE,88.05 %,1423
1423,CABEZA DE JUAREZ I,88.05 %,1424
1424,TEPOPOTLA,88.02 %,1425
1425,AMPLIACIÓN GABRIEL HERNÁNDEZ,88.02 %,1426
1426,AMPLIACIÓN SANTA CATARINA,88.02 %,1427
1427,OCOTILLOS DEL PUEBLO TETELPAN,88.01 %,1428
1428,CEHUAYA,88.01 %,1429
1429,MARTÍN CARRERA,88.0 %,1430
1430,ZONA URBANA EJIDAL LOS REYES CULHUACAN,87.99 %,1431
1431,PALMATITLA,87.97 %,1432
1432,SAN JUAN TEPENAHUAC II,87.97 %,1433
1433,CASA BLANCA,87.96 %,1434
1434,ARGENTINA ANTIGUA,87.93 %,1435
1435,MARÍA ESTHER ZUNO DE ECHEVERRÍA,87.9 %,1436
1436,TEPEPAN,87.9 %,1437
1437,LA PRADERA,87.89 %,1438
1438,SANTA MARÍA TEPEPAN,87.89 %,1439
1439,UNIDAD VICENTE GUERRERO,87.84 %,1440
1440,SAN LORENZO TEZONCO,87.84 %,1441
1441,ALIANZA POPULAR REVOLUCIONARIA,87.82 %,1442
1442,EX EJIDO SAN JUAN DE ARAGÓN SECTOR 32,87.82 %,1443
1443,SANTIAGO ATEPETLAC,87.81 %,1444
1444,PARAJE ZACATEPEC,87.81 %,1445
1445,SAN LUCAS ORIENTE,87.79 %,1446
1446,PROGRESISTA,87.78 %,1447
1447,NUEVA ATZACOALCO,87.76 %,1448
1448,SANTIAGUITO,87.76 %,1449
1449,SANTA MARTHA ACATITLA NORTE,87.72 %,1450
1450,LOMAS HIDALGO,87.7 %,1451
1451,SANTA MARÍA NATIVITAS,87.69 %,1452
1452,AMPLIACIÓN EMILIANO ZAPATA,87.69 %,1453
1453,TRABAJADORES DE PEMEX,87.68 %,1454
1454,VISTA HERMOSA,87.65 %,1455
1455,MIGUEL DE LA MADRID,87.63 %,1456
1456,NAPOLES,87.63 %,1457
1457,SANTA CRUZ ATOYAC,87.57 %,1458
1458,CHINAMPAC DE JUÁREZ,87.54 %,1459
1459,AMPLIACIÓN 20 DE NOVIEMBRE,87.43 %,1460
1460,C.T.M. EL RISCO,87.42 %,1461
1461,FUEGO NUEVO,87.41 %,1462
1462,BARRIO BELÉN,87.4 %,1463
1463,PREDIO EL MOLINO,87.38 %,1464
1464,CERRILLOS PRIMERA SECCIÓN,87.37 %,1465
1465,EMILIANO ZAPATA,87.35 %,1466
1466,BARRIO EL ROSARIO,87.34 %,1467
1467,CAMPESTRE ARAGÓN,87.34 %,1468
1468,GUADALUPE DEL MORAL,87.33 %,1469
1469,AMPLIACIÓN PROGRESO NACIONAL,87.31 %,1470
1470,PRADOS DEL ROSARIO,87.28 %,1471
1471,AMPLIACIÓN CASAS ALEMÁN,87.22 %,1472
1472,SAN LORENZO LA CEBADA,87.19 %,1473
1473,EJERCITO DE ORIENTE ZONA PEÑON,87.18 %,1474
1474,NUEVA TENOCHTITLAN,87.11 %,1475
1475,HOGARES FERROCARRILEROS,87.1 %,1476
1476,RINCONADA COAPA 1A SECCIÓN,87.1 %,1477
1477,C.T.M. ATZACOALCO,87.1 %,1478
1478,CUAUHTÉMOC,87.07 %,1479
1479,LA COLMENA,87.07 %,1480
1480,ARGENTINA PONIENTE,87.03 %,1481
1481,LOMAS DE PUERTA GRANDE,87.03 %,1482
1482,CUAUTEPEC BARRIO ALTO,87.0 %,1483
1483,GERTRUDIS SÁNCHEZ 2A SECCIÓN,87.0 %,1484
1484,GUADALUPE TEPEYAC,86.94 %,1485
1485,VALLEJO,86.93 %,1486
1486,2DA AMPLIACION PARAJE SAN JUAN,86.9 %,1487
1487,FUENTES DE ZARAGOZA,86.89 %,1488
1488,SANTA MARIA AZTAHUACAN,86.89 %,1489
1489,LA POLVORILLA,86.87 %,1490
1490,LAS ARMAS,86.85 %,1491
1491,PRESIDENTES DE MÉXICO,86.77 %,1492
1492,GARCIMARRERO NORTE,86.76 %,1493
1493,GRANJAS MÉXICO,86.75 %,1494
1494,EDUARDO MOLINA II,86.69 %,1495
1495,SAN MIGUEL,86.68 %,1496
1496,PROGRESO DEL SUR,86.67 %,1497
1497,2O REACOMODO CORPUS CHRISTI,86.66 %,1498
1498,MIRADOR DEL VALLE,86.64 %,1499
1499,LLANO REDONDO,86.61 %,1500
1500,EL ARBOLILLO CTM,86.59 %,1501
1501,MÁRTIRES DE RÍO BLANCO,86.59 %,1502
1502,SAN PEDRO ZACATENCO,86.52 %,1503
1503,SAN ANDRÉS TOTOLTEPEC,86.52 %,1504
1504,JOSÉ LÓPEZ PORTILLO,86.51 %,1505
1505,MOCTEZUMA 2A SECCIÓN,86.49 %,1506
1506,HIPÓDROMO,86.48 %,1507
1507,CERRILLOS SEGUNDA SECCIÓN,86.45 %,1508
1508,EL EDÉN,86.42 %,1509
1509,XALPA,86.41 %,1510
1510,SANTA INÉS,86.39 %,1511
1511,SAN PEDRO DE LOS PINOS,86.34 %,1512
1512,UNIDAD EJÉRCITO CONSTITUCIONALISTA,86.24 %,1513
1513,SANTA MARTHA ACATITLA,86.22 %,1514
1514,SAN JERÓNIMO,86.2 %,1515
1515,CONSEJO AGRARISTA MEXICANO,86.2 %,1516
1516,ESCANDÓN I SECCIÓN,86.14 %,1517
1517,NUEVA INDUSTRIAL VALLEJO,86.13 %,1518
1518,SAN LORENZO,86.13 %,1519
1519,NARCISO MENDOZA SUPER MANZANA 6 VILLA COAPA,86.12 %,1520
1520,EL TRIANGULO,86.05 %,1521
1521,LA PRADERA II,86.05 %,1522
1522,EVA SÁMANO DE LÓPEZ MATEOS,86.02 %,1523
1523,BARRIO XALTOCAN,86.02 %,1524
1524,BARRIO SAN ANTONIO,86.02 %,1525
1525,LOMAS DE SAN LORENZO,86.01 %,1526
1526,SAN SEBASTIÁN TECOLOXTITLA,85.92 %,1527
1527,LEYES DE REFORMA 2A SECCIÓN,85.89 %,1528
1528,SAN JOSÉ BUENAVISTA,85.85 %,1529
1529,LA SOLEDAD,85.83 %,1530
1530,DEL CARMEN,85.8 %,1531
1531,CUITLAHUAC,85.77 %,1532
1532,LOMAS DE SANTA CRUZ,85.73 %,1533
1533,SAN ANTONIO,85.73 %,1534
1534,LEYES DE REFORMA 3A SECCIÓN,85.69 %,1535
1535,ERMITA ZARAGOZA,85.63 %,1536
1536,GRANJAS CABRERA,85.6 %,1537
1537,TEPALCATES,85.57 %,1538
1538,REFINERÍA 18 DE MARZO,85.56 %,1539
1539,ROMA SUR,85.51 %,1540
1540,JARDINES DEL LLANO,85.49 %,1541
1541,NEXTITLA,85.42 %,1542
1542,LA ESTACIÓN,85.41 %,1543
1543,SAN MIGUEL TEOTONGO,85.39 %,1544
1544,PROGRESO NACIONAL,85.37 %,1545
1545,BARRIO SAN JOSÉ,85.36 %,1546
1546,TACUBAYA,85.34 %,1547
1547,SAN GREGORIO ATLAPULCO,85.34 %,1548
1548,JARDINES DE SAN LORENZO TEZONCO,85.33 %,1549
1549,SANTA MARTHA ACATITLA SUR,85.3 %,1550
1550,VALLE DE SAN LORENZO,85.28 %,1551
1551,LA PRADERA I,85.22 %,1552
1552,BARRIO CANDELARIA TICOMÁN,85.15 %,1553
1553,UNIVERSIDAD NACIONAL AUTÓNOMA DE MÉXICO,85.1 %,1554
1554,2A. AMPLIACIÓN SANTIAGO ACAHUALTEPEC,85.08 %,1555
1555,BELEN DE LAS FLORES SECCION RANCHERIA,85.06 %,1556
1556,LAS TÓRTOLAS,85.06 %,1557
1557,CANUTILLO 3A SECCIÓN,85.04 %,1558
1558,BENITO JUAREZ,85.0 %,1559
1559,PROVIDENCIA,84.78 %,1560
1560,ZEDEC AMPLIACION PLAN DE AYALA,84.74 %,1561
1561,CONSTITUCIÓN DE 1917,84.69 %,1562
1562,BARRIO SANTIAGO,84.69 %,1563
1563,BARRIO SANTA CRUCITA,84.67 %,1564
1564,AMPLIACION DOS RIOS,84.6 %,1565
1565,SANTA ISABEL TOLA,84.59 %,1566
1566,JUAN ESCUTIA,84.59 %,1567
1567,LINDAVISTA,84.48 %,1568
1568,LA MAGUEYERA,84.47 %,1569
1569,CITLALLI,84.47 %,1570
1570,PEDREGAL DE SANTO DOMINGO,84.36 %,1571
1571,GENERAL FELIPE BERRIOZABAL,84.33 %,1572
1572,VIADUCTO TRONCOSO,84.22 %,1573
1573,SIETE MARAVILLAS,84.22 %,1574
1574,SANTA CRUZ MEYEHUALCO,84.22 %,1575
1575,JARDÍN BALBUENA,84.19 %,1576
1576,EL ROSARIO,84.16 %,1577
1577,EDUARDO MOLINA I,84.12 %,1578
1578,TACUBA,84.09 %,1579
1579,BARRIO CALYEQUITA,84.05 %,1580
1580,PORTALES SUR,83.82 %,1581
1581,ESTADO DE ANAHUAC,83.82 %,1582
1582,LOS ÁNGELES,83.65 %,1583
1583,SAN RAFAEL TICOMÁN,83.63 %,1584
1584,HÉROES DE 1910,83.62 %,1585
1585,OBRERA,83.56 %,1586
1586,CARLOS HANK GONZALEZ,83.46 %,1587
1587,ZONA CENTRO,83.37 %,1588
1588,ZONA URBANA EJIDAL SANTA MARIA AZTAHUACAN,83.3 %,1589
1589,LA LAGUNA TICOMÁN,83.18 %,1590
1590,REFORMA POLÍTICA,83.06 %,1591
1591,ANAHUAC,83.02 %,1592
1592,LORETO Y PEÑA POBRE,82.92 %,1593
1593,SAN FELIPE DE JESÚS,82.87 %,1594
1594,PARAJE SAN JUAN,82.7 %,1595
1595,SANTA ROSA,82.19 %,1596
1596,BARRIO SAN SEBASTIÁN,82.09 %,1597
1597,SANTIAGO TULYEHUALCO - PUEBLO,81.03 %,1598
1598,SANTA MARIA LA RIBERA,81.03 %,1599
1599,EX-HACIENDA EL ROSARIO,80.71 %,1600
1600,EL JAZMÍN,80.7 %,1601
1601,DESARROLLO URBANO QUETZALCOATL,80.29 %,1602
1602,POLANCO,80.12 %,1603
1603,ACOCA,80.08 %,1604
1604,TLAXCALTENCO LA MESA,80.08 %,1605
1605,CENTRAL DE ABASTO,80.01 %,1606
1606,SAN JUAN Y GUADALUPE TICOMÁN,79.86 %,1607
1607,EL OLIVO (SAN LORENZO),79.72 %,1608
1608,JUÁREZ,79.38 %,1609
1609,AGRÍCOLA PANTITLAN,79.29 %,1610
1610,TEJOMULCO EL ALTO,78.64 %,1611
1611,GUERRERO,77.67 %,1612
1612,SAN ISIDRO TULYEHUALCO,77.59 %,1613
1613,MORELOS,76.6 %,1614
1614,BUENAVISTA,76.59 %,1615
1615,SAN AGUSTÍN (DEL PUEBLO DE SAN ANDRÉS MIXQUIC),76.1 %,1616
1616,3 DE MAYO,75.52 %,1617
1617,AGRÍCOLA ORIENTAL,74.54 %,1618
1618,NARVARTE,73.93 %,1619
1619,PISTA OLIMPICA VIRGILIO URIBE (CANAL DE CUEMANCO),72.86 %,1620
1620,TLACAELEL 2,72.78 %,1621
1621,ROMA NORTE,70.55 %,1622
1622,VALLE VERDE,70.14 %,1623
1623,PARQUE ECOLOGICO DE XOCHIMILCO,69.49 %,1624
1624,DEL VALLE CENTRO,66.24 %,1625
1625,DOCTORES,57.0 %,1626
1626,CENTRO,25.73 %,1627
